{
  "train_loss": [
    0.6891972257031335,
    0.6742659606157787,
    0.6482312875607658,
    0.6050146993190523,
    0.5533529784944322,
    0.5034608603233383,
    0.4538200967132099,
    0.4056499200680899,
    0.3616226343881516,
    0.32179522206858985,
    0.28790101787400624,
    0.25793159812215777,
    0.23672351584074988,
    0.21142931448088753,
    0.19526965295275053,
    0.183936468517733,
    0.1667385148623633,
    0.1569683663251381,
    0.14777304578040326,
    0.13866227823827001
  ],
  "val_loss": [
    0.6822868386904398,
    0.6752186304046994,
    0.6604666880198887,
    0.6545670240644424,
    0.6793018248346117,
    0.6896163546849811,
    0.71415751983249,
    0.7550183969830709,
    0.8154758442015875,
    0.8595317318325951,
    0.9267934513470483,
    0.9754028992047385,
    1.0279556900735884,
    1.1063647733794317,
    1.1634264134225392,
    1.1966805618906777,
    1.302316495350429,
    1.3484922950229947,
    1.3514125101150027,
    1.4145368507930212
  ],
  "train_acc": [
    0.5275885082804327,
    0.5747722298964751,
    0.6158872557388754,
    0.6669667385804529,
    0.7121016933368515,
    0.7497089819801642,
    0.7827531080724518,
    0.8114203231464092,
    0.8377128311785066,
    0.8588368591783203,
    0.8758167905756724,
    0.8886836672926788,
    0.8997190706048519,
    0.9117788573468469,
    0.9184063077185739,
    0.9239783327383632,
    0.9317232923062596,
    0.9359915565971845,
    0.9395148147573298,
    0.9432553663722858
  ],
  "val_acc": [
    0.5561832629749193,
    0.5655574869629998,
    0.589769058852744,
    0.6044201638937174,
    0.6052892972436057,
    0.6050409734293519,
    0.607275887757636,
    0.6068413210826918,
    0.606034268686367,
    0.6098212068537373,
    0.6058480258256767,
    0.6023094114725602,
    0.6067792401291284,
    0.6047305686615346,
    0.6059101067792402,
    0.6055376210578595,
    0.6065929972684381,
    0.6038614353116464,
    0.6047305686615346,
    0.6022473305189968
  ]
}