{
  "train_loss": [
    0.6895670455599588,
    0.6815544634111343,
    0.6719611168853821,
    0.6582400912330264,
    0.639874222969252,
    0.6168952541691917,
    0.5920804866722652,
    0.5644270441834889,
    0.5343265444749877,
    0.5027113723612967,
    0.4775079238036322,
    0.4479688246335302,
    0.41855188364547397,
    0.3926041476310246,
    0.36887448328355005,
    0.3434044216123838,
    0.3223549096238992,
    0.3015618169355014,
    0.2841328148330961,
    0.26840871134920724
  ],
  "val_loss": [
    0.6842932464584471,
    0.6823874456541879,
    0.674111993539901,
    0.6681356732807462,
    0.6780296147815765,
    0.6761083555599999,
    0.6736614628443642,
    0.6729266927355811,
    0.7001835287563385,
    0.7229364183213975,
    0.7520424458715651,
    0.7787643935945299,
    0.7930933028932602,
    0.8465585282870701,
    0.8595238015765235,
    0.9001076921584115,
    0.9540739362201993,
    1.0021482261400374,
    1.0578912184351967,
    1.0930584356898354
  ],
  "train_acc": [
    0.5315618743112573,
    0.5589098076952925,
    0.575315463533502,
    0.5967654317155319,
    0.6201710409908582,
    0.6481398128172097,
    0.6704279128963665,
    0.6945474863803567,
    0.7197845690605162,
    0.7429573639199739,
    0.7612100141240745,
    0.7805956944854026,
    0.7984913625851713,
    0.8131121079017213,
    0.8268947213211442,
    0.8416085924040416,
    0.8526595166772727,
    0.8629964767418399,
    0.8717347778174425,
    0.880147138710829
  ],
  "val_acc": [
    0.5514030295505339,
    0.5474298485224733,
    0.5625776011919543,
    0.5714551775515272,
    0.5676682393841569,
    0.5779115967221257,
    0.5859200397318103,
    0.5846163397069779,
    0.5836851254035262,
    0.5866650111745716,
    0.5798981872361559,
    0.582815992053638,
    0.5845542587534145,
    0.5835609634963993,
    0.5805810777253538,
    0.5781599205363794,
    0.5863546064067544,
    0.5795877824683388,
    0.578656568164887,
    0.5838713682642165
  ]
}