{
  "train_loss": [
    0.6915396217788968,
    0.6845354716929178,
    0.6778825457606997,
    0.6693707836998833,
    0.6600821006392675,
    0.6502124735760311,
    0.6386531179859525,
    0.6253358832900486,
    0.6098076663320027,
    0.5943635907911119,
    0.5784253834022416,
    0.5575371200130099,
    0.5431605785612076,
    0.521051082700964,
    0.5069329606162177,
    0.4833399536354201,
    0.46723384753106134,
    0.44852839398478705,
    0.4335430548304603,
    0.41241960038268377
  ],
  "val_loss": [
    0.6896913231365265,
    0.6851573879756625,
    0.6807874933121696,
    0.6758261900099497,
    0.6916370174241444,
    0.6740094905807859,
    0.67292215615984,
    0.6772334159366669,
    0.6919394863976372,
    0.6837331028211684,
    0.7009628415107727,
    0.6998580287373255,
    0.7081396910879347,
    0.7165280949501764,
    0.7388383509620787,
    0.7653539275366162,
    0.7465100647911193,
    0.8223296564722818,
    0.8174455903825306,
    0.8468057163177974
  ],
  "train_acc": [
    0.5294665445684397,
    0.5517856865697124,
    0.5635505750516072,
    0.5798631051234693,
    0.5958186530909994,
    0.6085768830806003,
    0.6242685747101461,
    0.6394325536637229,
    0.6556519579692375,
    0.6708159369228143,
    0.6835431249902993,
    0.7038290210929861,
    0.7141504601964954,
    0.7314408108150057,
    0.7413897468531252,
    0.759952816278384,
    0.7699172732775613,
    0.7831721740210154,
    0.7926089183442239,
    0.8041099504881343
  ],
  "val_acc": [
    0.5360069530667991,
    0.5445741246585547,
    0.5534517010181277,
    0.5641296250310405,
    0.5497889247578843,
    0.5618326297491929,
    0.5671095108020859,
    0.5662403774521977,
    0.5606530916314875,
    0.5747454680903898,
    0.5726967966227962,
    0.5765458157437299,
    0.5767941395579836,
    0.5807052396324808,
    0.5689098584554259,
    0.5744971442761361,
    0.5742488204618823,
    0.5798981872361559,
    0.5754904395331513,
    0.576297491929476
  ]
}