{
  "train_loss": [
    0.6920790036046316,
    0.6862076639182983,
    0.68130196157902,
    0.6761210208374356,
    0.6704680647641893,
    0.6631261117401577,
    0.6552178547495887,
    0.6433798651846628,
    0.6326159224623725,
    0.6199320547637486,
    0.6061817450182778,
    0.5927264411298055,
    0.5767717749353439,
    0.5642476854106736,
    0.5509513743103497
  ],
  "val_loss": [
    0.6886488170850844,
    0.6832847992579142,
    0.6807981388909476,
    0.677667912982759,
    0.6761419810946026,
    0.6746378276083205,
    0.6734530887906514,
    0.6652367550229269,
    0.6672364530109224,
    0.6635343981167626,
    0.6650256145568121,
    0.6697816782527499,
    0.6689262115766131,
    0.6792323929922921,
    0.676542287781125
  ],
  "train_acc": [
    0.5157615359543063,
    0.547781278616772,
    0.5585683465520185,
    0.5689829114218753,
    0.5786835120830682,
    0.5906036101755421,
    0.6023219357742632,
    0.6176100824163032,
    0.6309891508482205,
    0.6469912616989244,
    0.6600754318707415,
    0.6724766797560104,
    0.6853435564730168,
    0.697387822253954,
    0.7078179080848687
  ],
  "val_acc": [
    0.5362552768810529,
    0.5531412962503104,
    0.5592873106530917,
    0.5659920536379439,
    0.5701514775266948,
    0.5699652346660045,
    0.5735038490191209,
    0.5801465110504097,
    0.5787807300720139,
    0.586292525453191,
    0.5902657064812515,
    0.5895828159920536,
    0.5934939160665508,
    0.5905761112490688,
    0.5923143779488453
  ]
}