{
  "train_loss": [
    0.6916210334452372,
    0.6829906524646849,
    0.6731531201373964,
    0.6615727056586553,
    0.6419520172334853,
    0.6191651835328057,
    0.5949415264148561,
    0.5673447368400437,
    0.5452083990214363,
    0.521335001975771,
    0.5006850830146244,
    0.4790334197736922,
    0.45910682742084774
  ],
  "val_loss": [
    0.6877462731467353,
    0.6796476897739229,
    0.6730655081688411,
    0.6672628843595111,
    0.6642959420643155,
    0.657143875720009,
    0.6571406542308746,
    0.6541208653222947,
    0.6630378516893538,
    0.6675118236314683,
    0.679259044783456,
    0.6886228370288062,
    0.6956555152696277
  ],
  "train_acc": [
    0.5174533207096184,
    0.554734669170715,
    0.5760759906253395,
    0.5959272998184048,
    0.6229958559033976,
    0.6496608670008847,
    0.675798165422403,
    0.7013767092458365,
    0.7194431079172422,
    0.7380682611867326,
    0.7519905632556768,
    0.7660525539741421,
    0.7799748560430861
  ],
  "val_acc": [
    0.5386143531164639,
    0.5615222249813757,
    0.5706481251552024,
    0.5798981872361559,
    0.5843680158927241,
    0.598957039980134,
    0.6018127638440527,
    0.6100695306679911,
    0.6088279115967221,
    0.6152222498137572,
    0.6121182021355848,
    0.6162776260243358,
    0.6168984355599701
  ]
}