{
  "train_loss": [
    0.6908269167419464,
    0.6826513102130284,
    0.6732781631132913,
    0.6606101187921706,
    0.6429005802150757,
    0.6202625409951286,
    0.595654904369324,
    0.5701917419357906,
    0.5480938499409055,
    0.5262053422038517,
    0.5009296997672036
  ],
  "val_loss": [
    0.684852765666114,
    0.6788637448870947,
    0.6725663183227418,
    0.6656181831208486,
    0.6593558173331003,
    0.6528978243706718,
    0.6532199884217883,
    0.6579392041478839,
    0.6601077791244264,
    0.6738476639702207,
    0.6812832402804542
  ],
  "train_acc": [
    0.5236461841717239,
    0.5578699033044127,
    0.5782799670955625,
    0.5987210728088284,
    0.6228251253317605,
    0.6488072141426997,
    0.6750531592916234,
    0.698924397398687,
    0.7163854785888342,
    0.7325117571280013,
    0.7508575330984495
  ],
  "val_acc": [
    0.5523963248075491,
    0.5658058107772536,
    0.5750558728582071,
    0.5857337968711199,
    0.5952321827663273,
    0.6015023590762354,
    0.6086416687360318,
    0.6081450211075242,
    0.6070275639433822,
    0.608393344921778,
    0.6111869878321331
  ]
}