{
  "train_loss": [
    0.6914277299055978,
    0.685454904087006,
    0.6808447603668485,
    0.6756972346513991,
    0.6697305348657426,
    0.6615681839840752,
    0.6525406823271797,
    0.6418751795140524,
    0.6291089833728851,
    0.6167075402206845,
    0.602674814680266,
    0.5876835598832085,
    0.5730181258349192,
    0.5573588489066987,
    0.5477278056362319,
    0.5348663298147065
  ],
  "val_loss": [
    0.6865901634806678,
    0.6820074386066861,
    0.6796874366109333,
    0.676665913491022,
    0.6746815234895737,
    0.6715462803840637,
    0.6703019747658382,
    0.6681393744453551,
    0.6666952608123659,
    0.6691366046194046,
    0.6659691854128762,
    0.6707385504056537,
    0.6728673369165451,
    0.67495006890524,
    0.683387123403095,
    0.6926301064945403
  ],
  "train_acc": [
    0.5223113815207437,
    0.5483245122537987,
    0.559173664033277,
    0.5678188393425321,
    0.5790094522652842,
    0.5929007124121125,
    0.6064970742988406,
    0.6221266820841547,
    0.6361110679973304,
    0.6486675254931785,
    0.6654301634357199,
    0.6763724409815456,
    0.6914588151298329,
    0.7020130686492108,
    0.7127535737012836,
    0.7206847848018749
  ],
  "val_acc": [
    0.5462503104047678,
    0.5559970201142289,
    0.5640675440774771,
    0.5633225726347156,
    0.5672957536627763,
    0.569903153712441,
    0.5758008443009685,
    0.5772907871864912,
    0.5782220014899428,
    0.5776011919543084,
    0.5858579587782469,
    0.5865408492674448,
    0.5887757635957288,
    0.587409982617333,
    0.5885895207350385,
    0.5867270921281351
  ]
}