{
  "train_loss": [
    0.6956322058325722,
    0.6923306853998275,
    0.6880267432757786,
    0.6829288873880629,
    0.6787293562813411,
    0.6730760049725336,
    0.6676315225306011,
    0.6615353713906,
    0.6551679370422212,
    0.6474716552193203,
    0.6415607598092821,
    0.6307729201184379,
    0.6238279330825048,
    0.6142928680730244
  ],
  "val_loss": [
    0.6929103240134225,
    0.6910600898757814,
    0.6896095493483165,
    0.6819738584851461,
    0.6826216597405691,
    0.6826520959536234,
    0.6797192683295598,
    0.6800072335061573,
    0.6729281932588608,
    0.6973410154145862,
    0.7000422193890526,
    0.7180585605757577,
    0.697073463409666,
    0.7150489309477428
  ],
  "train_acc": [
    0.5075819894767885,
    0.5180896801129926,
    0.5413556007387977,
    0.5567679150693011,
    0.56612705458722,
    0.5748808766238805,
    0.5842244951807416,
    0.5930559220226916,
    0.6025857921122476,
    0.6109826320445761,
    0.6180291483648668,
    0.6311443604587996,
    0.6391066134815068,
    0.6502351425600273
  ],
  "val_acc": [
    0.4955922522969953,
    0.5257635957288304,
    0.5223491432828409,
    0.5575490439533152,
    0.5561211820213559,
    0.5543208343680159,
    0.5634467345418426,
    0.5661162155450707,
    0.5648125155202384,
    0.5676061584305935,
    0.5645641917059846,
    0.5662403774521977,
    0.5690340203625528,
    0.5700273156195679
  ]
}