{
  "train_loss": [
    0.6932799764095791,
    0.6863496646521583,
    0.6810076085347978,
    0.6749445897719216,
    0.6690591138506693,
    0.6628738890091578,
    0.6563884071887486,
    0.6479442209478409,
    0.6396175133330482,
    0.6308618488292845,
    0.6230270545634012,
    0.6132756012772757,
    0.6060076327550978,
    0.5967649472138238,
    0.5859651631779141
  ],
  "val_loss": [
    0.6876683774448576,
    0.6844230265844435,
    0.6822229680560884,
    0.6791296222853282,
    0.6777677394094921,
    0.6743823876456608,
    0.6756521586387877,
    0.6737942979449317,
    0.6751204104650588,
    0.6708390353217958,
    0.6751381811641511,
    0.6746452867038666,
    0.6743969056341383,
    0.6750440389390976,
    0.6845311531944881
  ],
  "train_acc": [
    0.5204954290769684,
    0.5447702121715376,
    0.5563643700817955,
    0.5707833429045926,
    0.5800338356951062,
    0.5876856694966552,
    0.5986434680035387,
    0.6107342966676497,
    0.6212419873038538,
    0.6297009110804141,
    0.6393549488584334,
    0.6490865914417421,
    0.6571109283086809,
    0.6646230734607087,
    0.6761551475267349
  ],
  "val_acc": [
    0.540290538862677,
    0.549478519990067,
    0.5551278867643407,
    0.5589769058852744,
    0.5621430345170102,
    0.5674819965234666,
    0.566985348894959,
    0.5686615346411721,
    0.5710206108765831,
    0.5712689346908368,
    0.5721380680407251,
    0.5724484728085424,
    0.5771045443258008,
    0.5756766823938416,
    0.5805810777253538
  ]
}