{
  "train_loss": [
    0.6933109987349737,
    0.6867063691218694,
    0.6813421786304504,
    0.6746600625060853,
    0.6687347285804295,
    0.6608623831518112,
    0.6553091884605469,
    0.6472564684966254,
    0.6387928255966732,
    0.6299034799375232,
    0.6212596275976726,
    0.6111737641077193,
    0.6024504907074428
  ],
  "val_loss": [
    0.6896128938311622,
    0.6853505193241058,
    0.6817401306969779,
    0.6783789803111364,
    0.6827700743599544,
    0.675292362296392,
    0.6740990252721877,
    0.6708310114012824,
    0.6753207189696175,
    0.6712521645757887,
    0.6781822679534791,
    0.681062240449209,
    0.6724443691117423
  ],
  "train_acc": [
    0.522280339598628,
    0.5444442719893215,
    0.558304490214034,
    0.5679585279920533,
    0.5809030095143491,
    0.5945769762063667,
    0.5990935758742181,
    0.6123019137344985,
    0.6228251253317605,
    0.6339846963323968,
    0.6417451768613512,
    0.6532927718884354,
    0.6600133480265098
  ],
  "val_acc": [
    0.5345790911348398,
    0.5455674199155699,
    0.5564936677427366,
    0.5607151725850509,
    0.5517134343183512,
    0.5628259250062081,
    0.5634467345418426,
    0.571703501365781,
    0.572262229947852,
    0.5743729823690091,
    0.5673578346163397,
    0.5761112490687857,
    0.5737521728333748
  ]
}