{
  "train_loss": [
    0.6960392173320528,
    0.692273034462853,
    0.6883361557173351,
    0.6842417700423135,
    0.6796586291184501,
    0.6743408533788863,
    0.6683131189100326,
    0.6622029732144068,
    0.6558944294376979,
    0.647179337484496,
    0.6394946579895322
  ],
  "val_loss": [
    0.6925832648125906,
    0.6890838117826552,
    0.6844486187374781,
    0.684557246783423,
    0.6812579423662216,
    0.678371474856422,
    0.6910322554527767,
    0.6798210560329376,
    0.7010613178449964,
    0.6929946144421896,
    0.6950024934042067
  ],
  "train_acc": [
    0.5004889102733241,
    0.5186794766331931,
    0.5378478635397104,
    0.5507768241009483,
    0.5632401558304491,
    0.5736547207003058,
    0.583991680764873,
    0.5936301975818342,
    0.6024926663459002,
    0.614242033866737,
    0.6250446227630415
  ],
  "val_acc": [
    0.5222870623292774,
    0.5345170101812764,
    0.5502855723863919,
    0.5534517010181277,
    0.554072510553762,
    0.5594114725602185,
    0.5592873106530917,
    0.5607151725850509,
    0.5675440774770301,
    0.566426620312888,
    0.5677924012912838
  ]
}