{
  "train_loss": [
    0.6901701773915973,
    0.6780115015923031,
    0.6671758712757201,
    0.6583266367041876,
    0.6497084413255964,
    0.6406714710451308,
    0.6304831192606971,
    0.6205346520457949,
    0.6104218191097653,
    0.6016026091954064,
    0.5907740907536613,
    0.5804281423962305,
    0.571325917329107,
    0.5601886610190073,
    0.5484573700361781,
    0.5376762279442379,
    0.5287619597382016
  ],
  "val_loss": [
    0.6818702400676788,
    0.66972835007168,
    0.6619996097352769,
    0.6563880150280301,
    0.6522709916508387,
    0.6486530379643516,
    0.6422862315934802,
    0.6408346522422064,
    0.6373243350831289,
    0.6374165860433427,
    0.6355579694112142,
    0.6334585783973573,
    0.6357056120085338,
    0.6392643574684386,
    0.6402162228311811,
    0.6430836244234963,
    0.649764443200732
  ],
  "train_acc": [
    0.5279299694237067,
    0.5709695944372876,
    0.5916900774495957,
    0.6047587266603548,
    0.6164925732201338,
    0.628878300144345,
    0.6386409846497695,
    0.6500333700662745,
    0.6626363904452963,
    0.6711263561439724,
    0.6793059026214904,
    0.6895031740365364,
    0.6980086606962703,
    0.708438746527185,
    0.7162147480171972,
    0.7254652408077108,
    0.7310993496717316
  ],
  "val_acc": [
    0.5643779488452942,
    0.5860442016389372,
    0.6015644400297988,
    0.6046064067544078,
    0.6099453687608641,
    0.6132977402532903,
    0.6224857213806804,
    0.6257139309659796,
    0.6286938167370251,
    0.6301837596225478,
    0.6308045691581823,
    0.6329774025329029,
    0.6325428358579588,
    0.6334740501614105,
    0.6323565929972684,
    0.631735783461634,
    0.6277626024335734
  ]
}