{
  "train_loss": [
    0.6932033716686188,
    0.6833483493990369,
    0.6759640482209978,
    0.6677352206574546,
    0.6590770755022292,
    0.6467922057897325,
    0.6344232753155723,
    0.6230932691740612,
    0.6082244215030519
  ],
  "val_loss": [
    0.6834987487111773,
    0.683203641384367,
    0.6785485224118308,
    0.6761876978571453,
    0.6808205691594926,
    0.6788922500988793,
    0.6892070685114179,
    0.6974193652470907,
    0.7191304346871754
  ],
  "train_acc": [
    0.5249344239395304,
    0.5585373046299027,
    0.5750516071955175,
    0.5871579568206864,
    0.6024461034627264,
    0.6184326933523724,
    0.6335811513448912,
    0.6459668782691024,
    0.6599047012991044
  ],
  "val_acc": [
    0.5550037248572138,
    0.5627017630990812,
    0.56934442513037,
    0.5718276632729079,
    0.5682890489197914,
    0.5749937919046436,
    0.575738763347405,
    0.573938415694065,
    0.5738142537869382
  ]
}