{
  "train_loss": [
    0.6931387952395848,
    0.6856695129757836
  ],
  "val_loss": [
    0.6919980123639107,
    0.6881146132946014
  ],
  "train_acc": [
    0.505,
    0.55575
  ],
  "val_acc": [
    0.537,
    0.551
  ]
}