{
  "train_loss": [
    0.6959624602681115,
    0.6929345523554181,
    0.6913278970926527,
    0.6878102658286928,
    0.6852537343899409,
    0.6795732277253318,
    0.6716207473997086,
    0.6620936772179982,
    0.6507566133661876,
    0.6360929291399698,
    0.619982662418532,
    0.5997345899305646,
    0.5800769504100557,
    0.5582355087002119,
    0.5372510554771575
  ],
  "val_loss": [
    0.6931521589793856,
    0.6910460941375248,
    0.6918127234019931,
    0.6855310428710211,
    0.68510839863429,
    0.6828774894986834,
    0.6837454561203246,
    0.6949857463912358,
    0.6853420554645477,
    0.682623078898778,
    0.6884882383876376,
    0.689104575959463,
    0.715591101419358,
    0.7379737666675023,
    0.7497113413280911
  ],
  "train_acc": [
    0.503220599419516,
    0.5082183488801627,
    0.52159741731208,
    0.5436837448974841,
    0.5502491114249795,
    0.5653975694174983,
    0.5762156792748607,
    0.5949029163885828,
    0.6110447158888078,
    0.629374970898198,
    0.6485433578047153,
    0.6694345713886604,
    0.6873923233326608,
    0.7030219311179748,
    0.7204674913470642
  ],
  "val_acc": [
    0.4932331760615843,
    0.530295505338962,
    0.5118574621306183,
    0.5455674199155699,
    0.5524584057611125,
    0.5502855723863919,
    0.5576111249068786,
    0.5612118202135585,
    0.5664887012664515,
    0.5692202632232432,
    0.5703377203873852,
    0.5635708964489694,
    0.5761112490687857,
    0.5733176061584306,
    0.5721380680407251
  ]
}