{
  "train_loss": [
    0.6958466976407974,
    0.6930853390977496,
    0.6908787626122671,
    0.6867056959678256,
    0.6816631439659331,
    0.672710732335136,
    0.6594042702326699,
    0.6455744864448668,
    0.6301627137831279,
    0.6119416389200423,
    0.5934562865230772,
    0.5751727348755277,
    0.5537400276414932
  ],
  "val_loss": [
    0.6929953155063447,
    0.6926982478489951,
    0.6931022311013842,
    0.687860715956915,
    0.6838269413463653,
    0.6808543375560215,
    0.6811718306844197,
    0.679933124118381,
    0.6966679824723138,
    0.7211200888194735,
    0.7200586370059422,
    0.7178766680142236,
    0.7625428296270824
  ],
  "train_acc": [
    0.5021651740675782,
    0.5051296776296388,
    0.5286439336323705,
    0.5473622126682084,
    0.560368778034736,
    0.5802200872278012,
    0.599962749693461,
    0.6202952086793214,
    0.6362197147247357,
    0.6553260177870214,
    0.6720731347685048,
    0.6871750298778501,
    0.7055052848872402
  ],
  "val_acc": [
    0.5293022100819469,
    0.5108020859200397,
    0.5067668239384157,
    0.5394834864663521,
    0.5532033772038738,
    0.5610876583064316,
    0.5617084678420661,
    0.562950086913335,
    0.5679786441519742,
    0.5667370250807052,
    0.5678544822448472,
    0.5680407251055376,
    0.5692823441768066
  ]
}